ConfigID,startTime,endTime,saveFileName
973,0,1439,E:/bupt_IR/images/973/0.bmp
974,0,1439,E:/bupt_IR/images/974/0.bmp
975,0,1439,E:/bupt_IR/images/975/0.bmp
976,0,1439,E:/bupt_IR/images/976/0.bmp
977,0,1439,E:/bupt_IR/images/977/0.bmp
978,0,1439,E:/bupt_IR/images/978/0.bmp
979,0,1439,E:/bupt_IR/images/979/0.bmp
980,0,1439,E:/bupt_IR/images/980/0.bmp
981,0,1439,E:/bupt_IR/images/981/0.bmp
982,0,1439,E:/bupt_IR/images/982/0.bmp
983,0,1439,E:/bupt_IR/images/983/0.bmp
984,0,1439,E:/bupt_IR/images/984/0.bmp
985,0,1439,E:/bupt_IR/images/985/0.bmp
986,0,1439,E:/bupt_IR/images/986/0.bmp
987,0,1439,E:/bupt_IR/images/987/0.bmp
988,0,1439,E:/bupt_IR/images/988/0.bmp
989,0,1439,E:/bupt_IR/images/989/0.bmp
990,0,1439,E:/bupt_IR/images/990/0.bmp
991,0,1439,E:/bupt_IR/images/991/0.bmp
992,0,1439,E:/bupt_IR/images/992/0.bmp
993,0,1439,E:/bupt_IR/images/993/0.bmp
994,0,1439,E:/bupt_IR/images/994/0.bmp
995,0,1439,E:/bupt_IR/images/995/0.bmp
996,0,1439,E:/bupt_IR/images/996/0.bmp
997,0,1439,E:/bupt_IR/images/997/0.bmp
998,0,1439,E:/bupt_IR/images/998/0.bmp
999,0,1439,E:/bupt_IR/images/999/0.bmp
1000,0,1439,E:/bupt_IR/images/1000/0.bmp
1001,0,1439,E:/bupt_IR/images/1001/0.bmp
1002,0,1439,E:/bupt_IR/images/1002/0.bmp
1003,0,1439,E:/bupt_IR/images/1003/0.bmp
1004,0,1439,E:/bupt_IR/images/1004/0.bmp
1005,0,1439,E:/bupt_IR/images/1005/0.bmp
1006,0,1439,E:/bupt_IR/images/1006/0.bmp
1007,0,1439,E:/bupt_IR/images/1007/0.bmp
1008,0,1439,E:/bupt_IR/images/1008/0.bmp
1009,0,1439,E:/bupt_IR/images/1009/0.bmp
1010,0,1439,E:/bupt_IR/images/1010/0.bmp
1011,0,1439,E:/bupt_IR/images/1011/0.bmp
1012,0,1439,E:/bupt_IR/images/1012/0.bmp
1013,0,1439,E:/bupt_IR/images/1013/0.bmp
1014,0,1439,E:/bupt_IR/images/1014/0.bmp
1015,0,1439,E:/bupt_IR/images/1015/0.bmp
1016,0,1439,E:/bupt_IR/images/1016/0.bmp
1017,0,1439,E:/bupt_IR/images/1017/0.bmp
1018,0,1439,E:/bupt_IR/images/1018/0.bmp
1019,0,1439,E:/bupt_IR/images/1019/0.bmp
1020,0,1439,E:/bupt_IR/images/1020/0.bmp
1021,0,1439,E:/bupt_IR/images/1021/0.bmp
1022,0,1439,E:/bupt_IR/images/1022/0.bmp
1023,0,1439,E:/bupt_IR/images/1023/0.bmp
1024,0,1439,E:/bupt_IR/images/1024/0.bmp
1025,0,1439,E:/bupt_IR/images/1025/0.bmp
1026,0,1439,E:/bupt_IR/images/1026/0.bmp
1027,0,1439,E:/bupt_IR/images/1027/0.bmp
1028,0,1439,E:/bupt_IR/images/1028/0.bmp
1029,0,1439,E:/bupt_IR/images/1029/0.bmp
1030,0,1439,E:/bupt_IR/images/1030/0.bmp
1031,0,1439,E:/bupt_IR/images/1031/0.bmp
1032,0,1439,E:/bupt_IR/images/1032/0.bmp
1033,0,1439,E:/bupt_IR/images/1033/0.bmp
1034,0,1439,E:/bupt_IR/images/1034/0.bmp
1035,0,1439,E:/bupt_IR/images/1035/0.bmp
1036,0,1439,E:/bupt_IR/images/1036/0.bmp
1037,0,1439,E:/bupt_IR/images/1037/0.bmp
1038,0,1439,E:/bupt_IR/images/1038/0.bmp
1039,0,1439,E:/bupt_IR/images/1039/0.bmp
1040,0,1439,E:/bupt_IR/images/1040/0.bmp
1041,0,1439,E:/bupt_IR/images/1041/0.bmp
1042,0,1439,E:/bupt_IR/images/1042/0.bmp
1043,0,1439,E:/bupt_IR/images/1043/0.bmp
1044,0,1439,E:/bupt_IR/images/1044/0.bmp
1045,0,1439,E:/bupt_IR/images/1045/0.bmp
1046,0,1439,E:/bupt_IR/images/1046/0.bmp
1047,0,1439,E:/bupt_IR/images/1047/0.bmp
1048,0,1439,E:/bupt_IR/images/1048/0.bmp
1049,0,1439,E:/bupt_IR/images/1049/0.bmp
1050,0,1439,E:/bupt_IR/images/1050/0.bmp
1051,0,1439,E:/bupt_IR/images/1051/0.bmp
1052,0,1439,E:/bupt_IR/images/1052/0.bmp
1053,0,1439,E:/bupt_IR/images/1053/0.bmp
1054,0,1439,E:/bupt_IR/images/1054/0.bmp
1055,0,1439,E:/bupt_IR/images/1055/0.bmp
1056,0,1439,E:/bupt_IR/images/1056/0.bmp
1057,0,1439,E:/bupt_IR/images/1057/0.bmp
1058,0,1439,E:/bupt_IR/images/1058/0.bmp
1059,0,1439,E:/bupt_IR/images/1059/0.bmp
1060,0,1439,E:/bupt_IR/images/1060/0.bmp
1061,0,1439,E:/bupt_IR/images/1061/0.bmp
1062,0,1439,E:/bupt_IR/images/1062/0.bmp
1063,0,1439,E:/bupt_IR/images/1063/0.bmp
1064,0,1439,E:/bupt_IR/images/1064/0.bmp
1065,0,1439,E:/bupt_IR/images/1065/0.bmp
1066,0,1439,E:/bupt_IR/images/1066/0.bmp
1067,0,1439,E:/bupt_IR/images/1067/0.bmp
1068,0,1439,E:/bupt_IR/images/1068/0.bmp
1069,0,1439,E:/bupt_IR/images/1069/0.bmp
1070,0,1439,E:/bupt_IR/images/1070/0.bmp
1071,0,1439,E:/bupt_IR/images/1071/0.bmp
1072,0,1439,E:/bupt_IR/images/1072/0.bmp
1073,0,1439,E:/bupt_IR/images/1073/0.bmp
1074,0,1439,E:/bupt_IR/images/1074/0.bmp
1075,0,1439,E:/bupt_IR/images/1075/0.bmp
1076,0,1439,E:/bupt_IR/images/1076/0.bmp
1077,0,1439,E:/bupt_IR/images/1077/0.bmp
1078,0,1439,E:/bupt_IR/images/1078/0.bmp
1079,0,1439,E:/bupt_IR/images/1079/0.bmp
1080,0,1439,E:/bupt_IR/images/1080/0.bmp
1081,0,1439,E:/bupt_IR/images/1081/0.bmp
1082,0,1439,E:/bupt_IR/images/1082/0.bmp
1083,0,1439,E:/bupt_IR/images/1083/0.bmp
1084,0,1439,E:/bupt_IR/images/1084/0.bmp
1085,0,1439,E:/bupt_IR/images/1085/0.bmp
1086,0,1439,E:/bupt_IR/images/1086/0.bmp
1087,0,1439,E:/bupt_IR/images/1087/0.bmp
1088,0,1439,E:/bupt_IR/images/1088/0.bmp
1089,0,1439,E:/bupt_IR/images/1089/0.bmp
1090,0,1439,E:/bupt_IR/images/1090/0.bmp
1091,0,1439,E:/bupt_IR/images/1091/0.bmp
1092,0,1439,E:/bupt_IR/images/1092/0.bmp
1093,0,1439,E:/bupt_IR/images/1093/0.bmp
1094,0,1439,E:/bupt_IR/images/1094/0.bmp
1095,0,1439,E:/bupt_IR/images/1095/0.bmp
1096,0,1439,E:/bupt_IR/images/1096/0.bmp
1097,0,1439,E:/bupt_IR/images/1097/0.bmp
1098,0,1439,E:/bupt_IR/images/1098/0.bmp
1099,0,1439,E:/bupt_IR/images/1099/0.bmp
1100,0,1439,E:/bupt_IR/images/1100/0.bmp
1101,0,1439,E:/bupt_IR/images/1101/0.bmp
1102,0,1439,E:/bupt_IR/images/1102/0.bmp
1103,0,1439,E:/bupt_IR/images/1103/0.bmp
1104,0,1439,E:/bupt_IR/images/1104/0.bmp
1105,0,1439,E:/bupt_IR/images/1105/0.bmp
1106,0,1439,E:/bupt_IR/images/1106/0.bmp
1107,0,1439,E:/bupt_IR/images/1107/0.bmp
1108,0,1439,E:/bupt_IR/images/1108/0.bmp
1109,0,1439,E:/bupt_IR/images/1109/0.bmp
1110,0,1439,E:/bupt_IR/images/1110/0.bmp
1111,0,1439,E:/bupt_IR/images/1111/0.bmp
1112,0,1439,E:/bupt_IR/images/1112/0.bmp
1113,0,1439,E:/bupt_IR/images/1113/0.bmp
1114,0,1439,E:/bupt_IR/images/1114/0.bmp
1115,0,1439,E:/bupt_IR/images/1115/0.bmp
1116,0,1439,E:/bupt_IR/images/1116/0.bmp
1117,0,1439,E:/bupt_IR/images/1117/0.bmp
1118,0,1439,E:/bupt_IR/images/1118/0.bmp
1119,0,1439,E:/bupt_IR/images/1119/0.bmp
1120,0,1439,E:/bupt_IR/images/1120/0.bmp
1121,0,1439,E:/bupt_IR/images/1121/0.bmp
1122,0,1439,E:/bupt_IR/images/1122/0.bmp
1123,0,1439,E:/bupt_IR/images/1123/0.bmp
1124,0,1439,E:/bupt_IR/images/1124/0.bmp
1125,0,1439,E:/bupt_IR/images/1125/0.bmp
1126,0,1439,E:/bupt_IR/images/1126/0.bmp
1127,0,1439,E:/bupt_IR/images/1127/0.bmp
1128,0,1439,E:/bupt_IR/images/1128/0.bmp
1129,0,1439,E:/bupt_IR/images/1129/0.bmp
1130,0,1439,E:/bupt_IR/images/1130/0.bmp
1131,0,1439,E:/bupt_IR/images/1131/0.bmp
1132,0,1439,E:/bupt_IR/images/1132/0.bmp
1133,0,1439,E:/bupt_IR/images/1133/0.bmp
1134,0,1439,E:/bupt_IR/images/1134/0.bmp
1135,0,1439,E:/bupt_IR/images/1135/0.bmp
1136,0,1439,E:/bupt_IR/images/1136/0.bmp
1137,0,1439,E:/bupt_IR/images/1137/0.bmp
1138,0,1439,E:/bupt_IR/images/1138/0.bmp
1139,0,1439,E:/bupt_IR/images/1139/0.bmp
1140,0,1439,E:/bupt_IR/images/1140/0.bmp
1141,0,1439,E:/bupt_IR/images/1141/0.bmp
1142,0,1439,E:/bupt_IR/images/1142/0.bmp
1143,0,1439,E:/bupt_IR/images/1143/0.bmp
1144,0,1439,E:/bupt_IR/images/1144/0.bmp
1145,0,1439,E:/bupt_IR/images/1145/0.bmp
1146,0,1439,E:/bupt_IR/images/1146/0.bmp
1147,0,1439,E:/bupt_IR/images/1147/0.bmp
1148,0,1439,E:/bupt_IR/images/1148/0.bmp
1149,0,1439,E:/bupt_IR/images/1149/0.bmp
1150,0,1439,E:/bupt_IR/images/1150/0.bmp
1151,0,1439,E:/bupt_IR/images/1151/0.bmp
1152,0,1439,E:/bupt_IR/images/1152/0.bmp
1153,0,1439,E:/bupt_IR/images/1153/0.bmp
1154,0,1439,E:/bupt_IR/images/1154/0.bmp
1155,0,1439,E:/bupt_IR/images/1155/0.bmp
1156,0,1439,E:/bupt_IR/images/1156/0.bmp
1157,0,1439,E:/bupt_IR/images/1157/0.bmp
1158,0,1439,E:/bupt_IR/images/1158/0.bmp
1159,0,1439,E:/bupt_IR/images/1159/0.bmp
1160,0,1439,E:/bupt_IR/images/1160/0.bmp
1161,0,1439,E:/bupt_IR/images/1161/0.bmp
1162,0,1439,E:/bupt_IR/images/1162/0.bmp
1163,0,1439,E:/bupt_IR/images/1163/0.bmp
1164,0,1439,E:/bupt_IR/images/1164/0.bmp
1165,0,1439,E:/bupt_IR/images/1165/0.bmp
1166,0,1439,E:/bupt_IR/images/1166/0.bmp
1167,0,1439,E:/bupt_IR/images/1167/0.bmp
1168,0,1439,E:/bupt_IR/images/1168/0.bmp
1169,0,1439,E:/bupt_IR/images/1169/0.bmp
1170,0,1439,E:/bupt_IR/images/1170/0.bmp
1171,0,1439,E:/bupt_IR/images/1171/0.bmp
1172,0,1439,E:/bupt_IR/images/1172/0.bmp
1173,0,1439,E:/bupt_IR/images/1173/0.bmp
1174,0,1439,E:/bupt_IR/images/1174/0.bmp
1175,0,1439,E:/bupt_IR/images/1175/0.bmp
1176,0,1439,E:/bupt_IR/images/1176/0.bmp
1177,0,1439,E:/bupt_IR/images/1177/0.bmp
1178,0,1439,E:/bupt_IR/images/1178/0.bmp
1179,0,1439,E:/bupt_IR/images/1179/0.bmp
1180,0,1439,E:/bupt_IR/images/1180/0.bmp
1181,0,1439,E:/bupt_IR/images/1181/0.bmp
1182,0,1439,E:/bupt_IR/images/1182/0.bmp
1183,0,1439,E:/bupt_IR/images/1183/0.bmp
1184,0,1439,E:/bupt_IR/images/1184/0.bmp
1185,0,1439,E:/bupt_IR/images/1185/0.bmp
1186,0,1439,E:/bupt_IR/images/1186/0.bmp
1187,0,1439,E:/bupt_IR/images/1187/0.bmp
1188,0,1439,E:/bupt_IR/images/1188/0.bmp
1189,0,1439,E:/bupt_IR/images/1189/0.bmp
1190,0,1439,E:/bupt_IR/images/1190/0.bmp
1191,0,1439,E:/bupt_IR/images/1191/0.bmp
1192,0,1439,E:/bupt_IR/images/1192/0.bmp
1193,0,1439,E:/bupt_IR/images/1193/0.bmp
1194,0,1439,E:/bupt_IR/images/1194/0.bmp
1195,0,1439,E:/bupt_IR/images/1195/0.bmp
1196,0,1439,E:/bupt_IR/images/1196/0.bmp
1197,0,1439,E:/bupt_IR/images/1197/0.bmp
1198,0,1439,E:/bupt_IR/images/1198/0.bmp
1199,0,1439,E:/bupt_IR/images/1199/0.bmp
1200,0,1439,E:/bupt_IR/images/1200/0.bmp
1201,0,1439,E:/bupt_IR/images/1201/0.bmp
1202,0,1439,E:/bupt_IR/images/1202/0.bmp
1203,0,1439,E:/bupt_IR/images/1203/0.bmp
1204,0,1439,E:/bupt_IR/images/1204/0.bmp
1205,0,1439,E:/bupt_IR/images/1205/0.bmp
1206,0,1439,E:/bupt_IR/images/1206/0.bmp
1207,0,1439,E:/bupt_IR/images/1207/0.bmp
1208,0,1439,E:/bupt_IR/images/1208/0.bmp
1209,0,1439,E:/bupt_IR/images/1209/0.bmp
1210,0,1439,E:/bupt_IR/images/1210/0.bmp
1211,0,1439,E:/bupt_IR/images/1211/0.bmp
1212,0,1439,E:/bupt_IR/images/1212/0.bmp
1213,0,1439,E:/bupt_IR/images/1213/0.bmp
1214,0,1439,E:/bupt_IR/images/1214/0.bmp
1215,0,1439,E:/bupt_IR/images/1215/0.bmp
1216,0,1439,E:/bupt_IR/images/1216/0.bmp
1217,0,1439,E:/bupt_IR/images/1217/0.bmp
1218,0,1439,E:/bupt_IR/images/1218/0.bmp
1219,0,1439,E:/bupt_IR/images/1219/0.bmp
1220,0,1439,E:/bupt_IR/images/1220/0.bmp
1221,0,1439,E:/bupt_IR/images/1221/0.bmp
1222,0,1439,E:/bupt_IR/images/1222/0.bmp
1223,0,1439,E:/bupt_IR/images/1223/0.bmp
1224,0,1439,E:/bupt_IR/images/1224/0.bmp
1225,0,1439,E:/bupt_IR/images/1225/0.bmp
1226,0,1439,E:/bupt_IR/images/1226/0.bmp
1227,0,1439,E:/bupt_IR/images/1227/0.bmp
1228,0,1439,E:/bupt_IR/images/1228/0.bmp
1229,0,1439,E:/bupt_IR/images/1229/0.bmp
1230,0,1439,E:/bupt_IR/images/1230/0.bmp
1231,0,1439,E:/bupt_IR/images/1231/0.bmp
1232,0,1439,E:/bupt_IR/images/1232/0.bmp
1233,0,1439,E:/bupt_IR/images/1233/0.bmp
1234,0,1439,E:/bupt_IR/images/1234/0.bmp
1235,0,1439,E:/bupt_IR/images/1235/0.bmp
1236,0,1439,E:/bupt_IR/images/1236/0.bmp
1237,0,1439,E:/bupt_IR/images/1237/0.bmp
1238,0,1439,E:/bupt_IR/images/1238/0.bmp
1239,0,1439,E:/bupt_IR/images/1239/0.bmp
1240,0,1439,E:/bupt_IR/images/1240/0.bmp
1241,0,1439,E:/bupt_IR/images/1241/0.bmp
1242,0,1439,E:/bupt_IR/images/1242/0.bmp
1243,0,1439,E:/bupt_IR/images/1243/0.bmp
1244,0,1439,E:/bupt_IR/images/1244/0.bmp
1245,0,1439,E:/bupt_IR/images/1245/0.bmp
1246,0,1439,E:/bupt_IR/images/1246/0.bmp
1247,0,1439,E:/bupt_IR/images/1247/0.bmp
1248,0,1439,E:/bupt_IR/images/1248/0.bmp
1249,0,1439,E:/bupt_IR/images/1249/0.bmp
1250,0,1439,E:/bupt_IR/images/1250/0.bmp
1251,0,1439,E:/bupt_IR/images/1251/0.bmp
1252,0,1439,E:/bupt_IR/images/1252/0.bmp
1253,0,1439,E:/bupt_IR/images/1253/0.bmp
1254,0,1439,E:/bupt_IR/images/1254/0.bmp
1255,0,1439,E:/bupt_IR/images/1255/0.bmp
1256,0,1439,E:/bupt_IR/images/1256/0.bmp
1257,0,1439,E:/bupt_IR/images/1257/0.bmp
1258,0,1439,E:/bupt_IR/images/1258/0.bmp
1259,0,1439,E:/bupt_IR/images/1259/0.bmp
1260,0,1439,E:/bupt_IR/images/1260/0.bmp
1261,0,1439,E:/bupt_IR/images/1261/0.bmp
1262,0,1439,E:/bupt_IR/images/1262/0.bmp
1263,0,1439,E:/bupt_IR/images/1263/0.bmp
1264,0,1439,E:/bupt_IR/images/1264/0.bmp
1265,0,1439,E:/bupt_IR/images/1265/0.bmp
1266,0,1439,E:/bupt_IR/images/1266/0.bmp
1267,0,1439,E:/bupt_IR/images/1267/0.bmp
1268,0,1439,E:/bupt_IR/images/1268/0.bmp
1269,0,1439,E:/bupt_IR/images/1269/0.bmp
1270,0,1439,E:/bupt_IR/images/1270/0.bmp
1271,0,1439,E:/bupt_IR/images/1271/0.bmp
1272,0,1439,E:/bupt_IR/images/1272/0.bmp
1273,0,1439,E:/bupt_IR/images/1273/0.bmp
1274,0,1439,E:/bupt_IR/images/1274/0.bmp
1275,0,1439,E:/bupt_IR/images/1275/0.bmp
1276,0,1439,E:/bupt_IR/images/1276/0.bmp
1277,0,1439,E:/bupt_IR/images/1277/0.bmp
1278,0,1439,E:/bupt_IR/images/1278/0.bmp
1279,0,1439,E:/bupt_IR/images/1279/0.bmp
1280,0,1439,E:/bupt_IR/images/1280/0.bmp
1281,0,1439,E:/bupt_IR/images/1281/0.bmp
1282,0,1439,E:/bupt_IR/images/1282/0.bmp
1283,0,1439,E:/bupt_IR/images/1283/0.bmp
1284,0,1439,E:/bupt_IR/images/1284/0.bmp
1285,0,1439,E:/bupt_IR/images/1285/0.bmp
1286,0,1439,E:/bupt_IR/images/1286/0.bmp
1287,0,1439,E:/bupt_IR/images/1287/0.bmp
1288,0,1439,E:/bupt_IR/images/1288/0.bmp
1289,0,1439,E:/bupt_IR/images/1289/0.bmp
1290,0,1439,E:/bupt_IR/images/1290/0.bmp
1291,0,1439,E:/bupt_IR/images/1291/0.bmp
1292,0,1439,E:/bupt_IR/images/1292/0.bmp
1293,0,1439,E:/bupt_IR/images/1293/0.bmp
1294,0,1439,E:/bupt_IR/images/1294/0.bmp
1295,0,1439,E:/bupt_IR/images/1295/0.bmp
1296,0,1439,E:/bupt_IR/images/1296/0.bmp
1297,0,1439,E:/bupt_IR/images/1297/0.bmp
1298,0,1439,E:/bupt_IR/images/1298/0.bmp
1299,0,1439,E:/bupt_IR/images/1299/0.bmp
1300,0,1439,E:/bupt_IR/images/1300/0.bmp
1301,0,1439,E:/bupt_IR/images/1301/0.bmp
1302,0,1439,E:/bupt_IR/images/1302/0.bmp
1303,0,1439,E:/bupt_IR/images/1303/0.bmp
1304,0,1439,E:/bupt_IR/images/1304/0.bmp
1305,0,1439,E:/bupt_IR/images/1305/0.bmp
1306,0,1439,E:/bupt_IR/images/1306/0.bmp
1307,0,1439,E:/bupt_IR/images/1307/0.bmp
1308,0,1439,E:/bupt_IR/images/1308/0.bmp
1309,0,1439,E:/bupt_IR/images/1309/0.bmp
1310,0,1439,E:/bupt_IR/images/1310/0.bmp
1311,0,1439,E:/bupt_IR/images/1311/0.bmp
1312,0,1439,E:/bupt_IR/images/1312/0.bmp
1313,0,1439,E:/bupt_IR/images/1313/0.bmp
1314,0,1439,E:/bupt_IR/images/1314/0.bmp
1315,0,1439,E:/bupt_IR/images/1315/0.bmp
1316,0,1439,E:/bupt_IR/images/1316/0.bmp
1317,0,1439,E:/bupt_IR/images/1317/0.bmp
1318,0,1439,E:/bupt_IR/images/1318/0.bmp
1319,0,1439,E:/bupt_IR/images/1319/0.bmp
1320,0,1439,E:/bupt_IR/images/1320/0.bmp
1321,0,1439,E:/bupt_IR/images/1321/0.bmp
1322,0,1439,E:/bupt_IR/images/1322/0.bmp
1323,0,1439,E:/bupt_IR/images/1323/0.bmp
1324,0,1439,E:/bupt_IR/images/1324/0.bmp
1325,0,1439,E:/bupt_IR/images/1325/0.bmp
1326,0,1439,E:/bupt_IR/images/1326/0.bmp
1327,0,1439,E:/bupt_IR/images/1327/0.bmp
1328,0,1439,E:/bupt_IR/images/1328/0.bmp
1329,0,1439,E:/bupt_IR/images/1329/0.bmp
1330,0,1439,E:/bupt_IR/images/1330/0.bmp
1331,0,1439,E:/bupt_IR/images/1331/0.bmp
1332,0,1439,E:/bupt_IR/images/1332/0.bmp
1333,0,1439,E:/bupt_IR/images/1333/0.bmp
1334,0,1439,E:/bupt_IR/images/1334/0.bmp
1335,0,1439,E:/bupt_IR/images/1335/0.bmp
1336,0,1439,E:/bupt_IR/images/1336/0.bmp
1337,0,1439,E:/bupt_IR/images/1337/0.bmp
1338,0,1439,E:/bupt_IR/images/1338/0.bmp
1339,0,1439,E:/bupt_IR/images/1339/0.bmp
1340,0,1439,E:/bupt_IR/images/1340/0.bmp
1341,0,1439,E:/bupt_IR/images/1341/0.bmp
1342,0,1439,E:/bupt_IR/images/1342/0.bmp
1343,0,1439,E:/bupt_IR/images/1343/0.bmp
1344,0,1439,E:/bupt_IR/images/1344/0.bmp
1345,0,1439,E:/bupt_IR/images/1345/0.bmp
1346,0,1439,E:/bupt_IR/images/1346/0.bmp
1347,0,1439,E:/bupt_IR/images/1347/0.bmp
1348,0,1439,E:/bupt_IR/images/1348/0.bmp
1349,0,1439,E:/bupt_IR/images/1349/0.bmp
1350,0,1439,E:/bupt_IR/images/1350/0.bmp
1351,0,1439,E:/bupt_IR/images/1351/0.bmp
1352,0,1439,E:/bupt_IR/images/1352/0.bmp
1353,0,1439,E:/bupt_IR/images/1353/0.bmp
1354,0,1439,E:/bupt_IR/images/1354/0.bmp
1355,0,1439,E:/bupt_IR/images/1355/0.bmp
1356,0,1439,E:/bupt_IR/images/1356/0.bmp
1357,0,1439,E:/bupt_IR/images/1357/0.bmp
1358,0,1439,E:/bupt_IR/images/1358/0.bmp
1359,0,1439,E:/bupt_IR/images/1359/0.bmp
1360,0,1439,E:/bupt_IR/images/1360/0.bmp
1361,0,1439,E:/bupt_IR/images/1361/0.bmp
1362,0,1439,E:/bupt_IR/images/1362/0.bmp
1363,0,1439,E:/bupt_IR/images/1363/0.bmp
1364,0,1439,E:/bupt_IR/images/1364/0.bmp
1365,0,1439,E:/bupt_IR/images/1365/0.bmp
1366,0,1439,E:/bupt_IR/images/1366/0.bmp
1367,0,1439,E:/bupt_IR/images/1367/0.bmp
1368,0,1439,E:/bupt_IR/images/1368/0.bmp
1369,0,1439,E:/bupt_IR/images/1369/0.bmp
1370,0,1439,E:/bupt_IR/images/1370/0.bmp
1371,0,1439,E:/bupt_IR/images/1371/0.bmp
1372,0,1439,E:/bupt_IR/images/1372/0.bmp
1373,0,1439,E:/bupt_IR/images/1373/0.bmp
1374,0,1439,E:/bupt_IR/images/1374/0.bmp
1375,0,1439,E:/bupt_IR/images/1375/0.bmp
1376,0,1439,E:/bupt_IR/images/1376/0.bmp
1377,0,1439,E:/bupt_IR/images/1377/0.bmp
1378,0,1439,E:/bupt_IR/images/1378/0.bmp
1379,0,1439,E:/bupt_IR/images/1379/0.bmp
1380,0,1439,E:/bupt_IR/images/1380/0.bmp
1381,0,1439,E:/bupt_IR/images/1381/0.bmp
1382,0,1439,E:/bupt_IR/images/1382/0.bmp
1383,0,1439,E:/bupt_IR/images/1383/0.bmp
1384,0,1439,E:/bupt_IR/images/1384/0.bmp
1385,0,1439,E:/bupt_IR/images/1385/0.bmp
1386,0,1439,E:/bupt_IR/images/1386/0.bmp
1387,0,1439,E:/bupt_IR/images/1387/0.bmp
1388,0,1439,E:/bupt_IR/images/1388/0.bmp
1389,0,1439,E:/bupt_IR/images/1389/0.bmp
1390,0,1439,E:/bupt_IR/images/1390/0.bmp
1391,0,1439,E:/bupt_IR/images/1391/0.bmp
1392,0,1439,E:/bupt_IR/images/1392/0.bmp
1393,0,1439,E:/bupt_IR/images/1393/0.bmp
1394,0,1439,E:/bupt_IR/images/1394/0.bmp
1395,0,1439,E:/bupt_IR/images/1395/0.bmp
1396,0,1439,E:/bupt_IR/images/1396/0.bmp
1397,0,1439,E:/bupt_IR/images/1397/0.bmp
1398,0,1439,E:/bupt_IR/images/1398/0.bmp
1399,0,1439,E:/bupt_IR/images/1399/0.bmp
1400,0,1439,E:/bupt_IR/images/1400/0.bmp
1401,0,1439,E:/bupt_IR/images/1401/0.bmp
1402,0,1439,E:/bupt_IR/images/1402/0.bmp
1403,0,1439,E:/bupt_IR/images/1403/0.bmp
1404,0,1439,E:/bupt_IR/images/1404/0.bmp
1405,0,1439,E:/bupt_IR/images/1405/0.bmp
1406,0,1439,E:/bupt_IR/images/1406/0.bmp
1407,0,1439,E:/bupt_IR/images/1407/0.bmp
1408,0,1439,E:/bupt_IR/images/1408/0.bmp
1409,0,1439,E:/bupt_IR/images/1409/0.bmp
1410,0,1439,E:/bupt_IR/images/1410/0.bmp
1411,0,1439,E:/bupt_IR/images/1411/0.bmp
1412,0,1439,E:/bupt_IR/images/1412/0.bmp
1413,0,1439,E:/bupt_IR/images/1413/0.bmp
1414,0,1439,E:/bupt_IR/images/1414/0.bmp
1415,0,1439,E:/bupt_IR/images/1415/0.bmp
1416,0,1439,E:/bupt_IR/images/1416/0.bmp
1417,0,1439,E:/bupt_IR/images/1417/0.bmp
1418,0,1439,E:/bupt_IR/images/1418/0.bmp
1419,0,1439,E:/bupt_IR/images/1419/0.bmp
1420,0,1439,E:/bupt_IR/images/1420/0.bmp
1421,0,1439,E:/bupt_IR/images/1421/0.bmp
1422,0,1439,E:/bupt_IR/images/1422/0.bmp
1423,0,1439,E:/bupt_IR/images/1423/0.bmp
1424,0,1439,E:/bupt_IR/images/1424/0.bmp
1425,0,1439,E:/bupt_IR/images/1425/0.bmp
1426,0,1439,E:/bupt_IR/images/1426/0.bmp
1427,0,1439,E:/bupt_IR/images/1427/0.bmp
1428,0,1439,E:/bupt_IR/images/1428/0.bmp
1429,0,1439,E:/bupt_IR/images/1429/0.bmp
1430,0,1439,E:/bupt_IR/images/1430/0.bmp
1431,0,1439,E:/bupt_IR/images/1431/0.bmp
1432,0,1439,E:/bupt_IR/images/1432/0.bmp
1433,0,1439,E:/bupt_IR/images/1433/0.bmp
1434,0,1439,E:/bupt_IR/images/1434/0.bmp
1435,0,1439,E:/bupt_IR/images/1435/0.bmp
1436,0,1439,E:/bupt_IR/images/1436/0.bmp
1437,0,1439,E:/bupt_IR/images/1437/0.bmp
1438,0,1439,E:/bupt_IR/images/1438/0.bmp
1439,0,1439,E:/bupt_IR/images/1439/0.bmp
1440,0,1439,E:/bupt_IR/images/1440/0.bmp
1441,0,1439,E:/bupt_IR/images/1441/0.bmp
1442,0,1439,E:/bupt_IR/images/1442/0.bmp
1443,0,1439,E:/bupt_IR/images/1443/0.bmp
1444,0,1439,E:/bupt_IR/images/1444/0.bmp
1445,0,1439,E:/bupt_IR/images/1445/0.bmp
1446,0,1439,E:/bupt_IR/images/1446/0.bmp
1447,0,1439,E:/bupt_IR/images/1447/0.bmp
1448,0,1439,E:/bupt_IR/images/1448/0.bmp
1449,0,1439,E:/bupt_IR/images/1449/0.bmp
1450,0,1439,E:/bupt_IR/images/1450/0.bmp
1451,0,1439,E:/bupt_IR/images/1451/0.bmp
1452,0,1439,E:/bupt_IR/images/1452/0.bmp
1453,0,1439,E:/bupt_IR/images/1453/0.bmp
1454,0,1439,E:/bupt_IR/images/1454/0.bmp
1455,0,1439,E:/bupt_IR/images/1455/0.bmp
1456,0,1439,E:/bupt_IR/images/1456/0.bmp
1457,0,1439,E:/bupt_IR/images/1457/0.bmp
1458,0,1439,E:/bupt_IR/images/1458/0.bmp
1459,0,1439,E:/bupt_IR/images/1459/0.bmp
1460,0,1439,E:/bupt_IR/images/1460/0.bmp
1461,0,1439,E:/bupt_IR/images/1461/0.bmp
1462,0,1439,E:/bupt_IR/images/1462/0.bmp
1463,0,1439,E:/bupt_IR/images/1463/0.bmp
1464,0,1439,E:/bupt_IR/images/1464/0.bmp
1465,0,1439,E:/bupt_IR/images/1465/0.bmp
1466,0,1439,E:/bupt_IR/images/1466/0.bmp
1467,0,1439,E:/bupt_IR/images/1467/0.bmp
1468,0,1439,E:/bupt_IR/images/1468/0.bmp
1469,0,1439,E:/bupt_IR/images/1469/0.bmp
1470,0,1439,E:/bupt_IR/images/1470/0.bmp
1471,0,1439,E:/bupt_IR/images/1471/0.bmp
1472,0,1439,E:/bupt_IR/images/1472/0.bmp
1473,0,1439,E:/bupt_IR/images/1473/0.bmp
1474,0,1439,E:/bupt_IR/images/1474/0.bmp
1475,0,1439,E:/bupt_IR/images/1475/0.bmp
1476,0,1439,E:/bupt_IR/images/1476/0.bmp
1477,0,1439,E:/bupt_IR/images/1477/0.bmp
1478,0,1439,E:/bupt_IR/images/1478/0.bmp
1479,0,1439,E:/bupt_IR/images/1479/0.bmp
1480,0,1439,E:/bupt_IR/images/1480/0.bmp
1481,0,1439,E:/bupt_IR/images/1481/0.bmp
1482,0,1439,E:/bupt_IR/images/1482/0.bmp
1483,0,1439,E:/bupt_IR/images/1483/0.bmp
1484,0,1439,E:/bupt_IR/images/1484/0.bmp
1485,0,1439,E:/bupt_IR/images/1485/0.bmp
1486,0,1439,E:/bupt_IR/images/1486/0.bmp
1487,0,1439,E:/bupt_IR/images/1487/0.bmp
1488,0,1439,E:/bupt_IR/images/1488/0.bmp
1489,0,1439,E:/bupt_IR/images/1489/0.bmp
1490,0,1439,E:/bupt_IR/images/1490/0.bmp
1491,0,1439,E:/bupt_IR/images/1491/0.bmp
1492,0,1439,E:/bupt_IR/images/1492/0.bmp
1493,0,1439,E:/bupt_IR/images/1493/0.bmp
1494,0,1439,E:/bupt_IR/images/1494/0.bmp
1495,0,1439,E:/bupt_IR/images/1495/0.bmp
1496,0,1439,E:/bupt_IR/images/1496/0.bmp
1497,0,1439,E:/bupt_IR/images/1497/0.bmp
1498,0,1439,E:/bupt_IR/images/1498/0.bmp
1499,0,1439,E:/bupt_IR/images/1499/0.bmp
1500,0,1439,E:/bupt_IR/images/1500/0.bmp
1501,0,1439,E:/bupt_IR/images/1501/0.bmp
1502,0,1439,E:/bupt_IR/images/1502/0.bmp
1503,0,1439,E:/bupt_IR/images/1503/0.bmp
1504,0,1439,E:/bupt_IR/images/1504/0.bmp
1505,0,1439,E:/bupt_IR/images/1505/0.bmp
1506,0,1439,E:/bupt_IR/images/1506/0.bmp
1507,0,1439,E:/bupt_IR/images/1507/0.bmp
1508,0,1439,E:/bupt_IR/images/1508/0.bmp
1509,0,1439,E:/bupt_IR/images/1509/0.bmp
1510,0,1439,E:/bupt_IR/images/1510/0.bmp
1511,0,1439,E:/bupt_IR/images/1511/0.bmp
1512,0,1439,E:/bupt_IR/images/1512/0.bmp
1513,0,1439,E:/bupt_IR/images/1513/0.bmp
1514,0,1439,E:/bupt_IR/images/1514/0.bmp
1515,0,1439,E:/bupt_IR/images/1515/0.bmp
1516,0,1439,E:/bupt_IR/images/1516/0.bmp
1517,0,1439,E:/bupt_IR/images/1517/0.bmp
1518,0,1439,E:/bupt_IR/images/1518/0.bmp
1519,0,1439,E:/bupt_IR/images/1519/0.bmp
1520,0,1439,E:/bupt_IR/images/1520/0.bmp
1521,0,1439,E:/bupt_IR/images/1521/0.bmp
1522,0,1439,E:/bupt_IR/images/1522/0.bmp
1523,0,1439,E:/bupt_IR/images/1523/0.bmp
1524,0,1439,E:/bupt_IR/images/1524/0.bmp
1525,0,1439,E:/bupt_IR/images/1525/0.bmp
1526,0,1439,E:/bupt_IR/images/1526/0.bmp
1527,0,1439,E:/bupt_IR/images/1527/0.bmp
1528,0,1439,E:/bupt_IR/images/1528/0.bmp
1529,0,1439,E:/bupt_IR/images/1529/0.bmp
1530,0,1439,E:/bupt_IR/images/1530/0.bmp
1531,0,1439,E:/bupt_IR/images/1531/0.bmp
1532,0,1439,E:/bupt_IR/images/1532/0.bmp
1533,0,1439,E:/bupt_IR/images/1533/0.bmp
1534,0,1439,E:/bupt_IR/images/1534/0.bmp
1535,0,1439,E:/bupt_IR/images/1535/0.bmp
1536,0,1439,E:/bupt_IR/images/1536/0.bmp
1537,0,1439,E:/bupt_IR/images/1537/0.bmp
1538,0,1439,E:/bupt_IR/images/1538/0.bmp
1539,0,1439,E:/bupt_IR/images/1539/0.bmp
1540,0,1439,E:/bupt_IR/images/1540/0.bmp
1541,0,1439,E:/bupt_IR/images/1541/0.bmp
1542,0,1439,E:/bupt_IR/images/1542/0.bmp
1543,0,1439,E:/bupt_IR/images/1543/0.bmp
1544,0,1439,E:/bupt_IR/images/1544/0.bmp
1545,0,1439,E:/bupt_IR/images/1545/0.bmp
1546,0,1439,E:/bupt_IR/images/1546/0.bmp
1547,0,1439,E:/bupt_IR/images/1547/0.bmp
1548,0,1439,E:/bupt_IR/images/1548/0.bmp
1549,0,1439,E:/bupt_IR/images/1549/0.bmp
1550,0,1439,E:/bupt_IR/images/1550/0.bmp
1551,0,1439,E:/bupt_IR/images/1551/0.bmp
1552,0,1439,E:/bupt_IR/images/1552/0.bmp
1553,0,1439,E:/bupt_IR/images/1553/0.bmp
1554,0,1439,E:/bupt_IR/images/1554/0.bmp
1555,0,1439,E:/bupt_IR/images/1555/0.bmp
1556,0,1439,E:/bupt_IR/images/1556/0.bmp
1557,0,1439,E:/bupt_IR/images/1557/0.bmp
1558,0,1439,E:/bupt_IR/images/1558/0.bmp
1559,0,1439,E:/bupt_IR/images/1559/0.bmp
1560,0,1439,E:/bupt_IR/images/1560/0.bmp
1561,0,1439,E:/bupt_IR/images/1561/0.bmp
1562,0,1439,E:/bupt_IR/images/1562/0.bmp
1563,0,1439,E:/bupt_IR/images/1563/0.bmp
1564,0,1439,E:/bupt_IR/images/1564/0.bmp
1565,0,1439,E:/bupt_IR/images/1565/0.bmp
1566,0,1439,E:/bupt_IR/images/1566/0.bmp
1567,0,1439,E:/bupt_IR/images/1567/0.bmp
1568,0,1439,E:/bupt_IR/images/1568/0.bmp
1569,0,1439,E:/bupt_IR/images/1569/0.bmp
1570,0,1439,E:/bupt_IR/images/1570/0.bmp
1571,0,1439,E:/bupt_IR/images/1571/0.bmp
1572,0,1439,E:/bupt_IR/images/1572/0.bmp
1573,0,1439,E:/bupt_IR/images/1573/0.bmp
1574,0,1439,E:/bupt_IR/images/1574/0.bmp
1575,0,1439,E:/bupt_IR/images/1575/0.bmp
1576,0,1439,E:/bupt_IR/images/1576/0.bmp
1577,0,1439,E:/bupt_IR/images/1577/0.bmp
1578,0,1439,E:/bupt_IR/images/1578/0.bmp
1579,0,1439,E:/bupt_IR/images/1579/0.bmp
1580,0,1439,E:/bupt_IR/images/1580/0.bmp
1581,0,1439,E:/bupt_IR/images/1581/0.bmp
1582,0,1439,E:/bupt_IR/images/1582/0.bmp
1583,0,1439,E:/bupt_IR/images/1583/0.bmp
1584,0,1439,E:/bupt_IR/images/1584/0.bmp
1585,0,1439,E:/bupt_IR/images/1585/0.bmp
1586,0,1439,E:/bupt_IR/images/1586/0.bmp
1587,0,1439,E:/bupt_IR/images/1587/0.bmp
1588,0,1439,E:/bupt_IR/images/1588/0.bmp
1589,0,1439,E:/bupt_IR/images/1589/0.bmp
1590,0,1439,E:/bupt_IR/images/1590/0.bmp
1591,0,1439,E:/bupt_IR/images/1591/0.bmp
1592,0,1439,E:/bupt_IR/images/1592/0.bmp
1593,0,1439,E:/bupt_IR/images/1593/0.bmp
1594,0,1439,E:/bupt_IR/images/1594/0.bmp
1595,0,1439,E:/bupt_IR/images/1595/0.bmp
1596,0,1439,E:/bupt_IR/images/1596/0.bmp
1597,0,1439,E:/bupt_IR/images/1597/0.bmp
1598,0,1439,E:/bupt_IR/images/1598/0.bmp
1599,0,1439,E:/bupt_IR/images/1599/0.bmp
1600,0,1439,E:/bupt_IR/images/1600/0.bmp
1601,0,1439,E:/bupt_IR/images/1601/0.bmp
1602,0,1439,E:/bupt_IR/images/1602/0.bmp
1603,0,1439,E:/bupt_IR/images/1603/0.bmp
1604,0,1439,E:/bupt_IR/images/1604/0.bmp
1605,0,1439,E:/bupt_IR/images/1605/0.bmp
1606,0,1439,E:/bupt_IR/images/1606/0.bmp
1607,0,1439,E:/bupt_IR/images/1607/0.bmp
1608,0,1439,E:/bupt_IR/images/1608/0.bmp
1609,0,1439,E:/bupt_IR/images/1609/0.bmp
1610,0,1439,E:/bupt_IR/images/1610/0.bmp
1611,0,1439,E:/bupt_IR/images/1611/0.bmp
1612,0,1439,E:/bupt_IR/images/1612/0.bmp
1613,0,1439,E:/bupt_IR/images/1613/0.bmp
1614,0,1439,E:/bupt_IR/images/1614/0.bmp
1615,0,1439,E:/bupt_IR/images/1615/0.bmp
1616,0,1439,E:/bupt_IR/images/1616/0.bmp
1617,0,1439,E:/bupt_IR/images/1617/0.bmp
1618,0,1439,E:/bupt_IR/images/1618/0.bmp
1619,0,1439,E:/bupt_IR/images/1619/0.bmp
1620,0,1439,E:/bupt_IR/images/1620/0.bmp
1621,0,1439,E:/bupt_IR/images/1621/0.bmp
1622,0,1439,E:/bupt_IR/images/1622/0.bmp
1623,0,1439,E:/bupt_IR/images/1623/0.bmp
1624,0,1439,E:/bupt_IR/images/1624/0.bmp
1625,0,1439,E:/bupt_IR/images/1625/0.bmp
1626,0,1439,E:/bupt_IR/images/1626/0.bmp
1627,0,1439,E:/bupt_IR/images/1627/0.bmp
1628,0,1439,E:/bupt_IR/images/1628/0.bmp
1629,0,1439,E:/bupt_IR/images/1629/0.bmp
1630,0,1439,E:/bupt_IR/images/1630/0.bmp
1631,0,1439,E:/bupt_IR/images/1631/0.bmp
1632,0,1439,E:/bupt_IR/images/1632/0.bmp
1633,0,1439,E:/bupt_IR/images/1633/0.bmp
1634,0,1439,E:/bupt_IR/images/1634/0.bmp
1635,0,1439,E:/bupt_IR/images/1635/0.bmp
1636,0,1439,E:/bupt_IR/images/1636/0.bmp
1637,0,1439,E:/bupt_IR/images/1637/0.bmp
1638,0,1439,E:/bupt_IR/images/1638/0.bmp
1639,0,1439,E:/bupt_IR/images/1639/0.bmp
1640,0,1439,E:/bupt_IR/images/1640/0.bmp
1641,0,1439,E:/bupt_IR/images/1641/0.bmp
1642,0,1439,E:/bupt_IR/images/1642/0.bmp
1643,0,1439,E:/bupt_IR/images/1643/0.bmp
1644,0,1439,E:/bupt_IR/images/1644/0.bmp
1645,0,1439,E:/bupt_IR/images/1645/0.bmp
1646,0,1439,E:/bupt_IR/images/1646/0.bmp
1647,0,1439,E:/bupt_IR/images/1647/0.bmp
1648,0,1439,E:/bupt_IR/images/1648/0.bmp
1649,0,1439,E:/bupt_IR/images/1649/0.bmp
1650,0,1439,E:/bupt_IR/images/1650/0.bmp
1651,0,1439,E:/bupt_IR/images/1651/0.bmp
1652,0,1439,E:/bupt_IR/images/1652/0.bmp
1653,0,1439,E:/bupt_IR/images/1653/0.bmp
1654,0,1439,E:/bupt_IR/images/1654/0.bmp
1655,0,1439,E:/bupt_IR/images/1655/0.bmp
1656,0,1439,E:/bupt_IR/images/1656/0.bmp
1657,0,1439,E:/bupt_IR/images/1657/0.bmp
1658,0,1439,E:/bupt_IR/images/1658/0.bmp
1659,0,1439,E:/bupt_IR/images/1659/0.bmp
1660,0,1439,E:/bupt_IR/images/1660/0.bmp
1661,0,1439,E:/bupt_IR/images/1661/0.bmp
1662,0,1439,E:/bupt_IR/images/1662/0.bmp
1663,0,1439,E:/bupt_IR/images/1663/0.bmp
1664,0,1439,E:/bupt_IR/images/1664/0.bmp
1665,0,1439,E:/bupt_IR/images/1665/0.bmp
1666,0,1439,E:/bupt_IR/images/1666/0.bmp
1667,0,1439,E:/bupt_IR/images/1667/0.bmp
1668,0,1439,E:/bupt_IR/images/1668/0.bmp
1669,0,1439,E:/bupt_IR/images/1669/0.bmp
1670,0,1439,E:/bupt_IR/images/1670/0.bmp
1671,0,1439,E:/bupt_IR/images/1671/0.bmp
1672,0,1439,E:/bupt_IR/images/1672/0.bmp
1673,0,1439,E:/bupt_IR/images/1673/0.bmp
1674,0,1439,E:/bupt_IR/images/1674/0.bmp
1675,0,1439,E:/bupt_IR/images/1675/0.bmp
1676,0,1439,E:/bupt_IR/images/1676/0.bmp
1677,0,1439,E:/bupt_IR/images/1677/0.bmp
1678,0,1439,E:/bupt_IR/images/1678/0.bmp
1679,0,1439,E:/bupt_IR/images/1679/0.bmp
1680,0,1439,E:/bupt_IR/images/1680/0.bmp
1681,0,1439,E:/bupt_IR/images/1681/0.bmp
1682,0,1439,E:/bupt_IR/images/1682/0.bmp
1683,0,1439,E:/bupt_IR/images/1683/0.bmp
1684,0,1439,E:/bupt_IR/images/1684/0.bmp
1685,0,1439,E:/bupt_IR/images/1685/0.bmp
1686,0,1439,E:/bupt_IR/images/1686/0.bmp
1687,0,1439,E:/bupt_IR/images/1687/0.bmp
1688,0,1439,E:/bupt_IR/images/1688/0.bmp
1689,0,1439,E:/bupt_IR/images/1689/0.bmp
1690,0,1439,E:/bupt_IR/images/1690/0.bmp
1691,0,1439,E:/bupt_IR/images/1691/0.bmp
1692,0,1439,E:/bupt_IR/images/1692/0.bmp
1693,0,1439,E:/bupt_IR/images/1693/0.bmp
1694,0,1439,E:/bupt_IR/images/1694/0.bmp
1695,0,1439,E:/bupt_IR/images/1695/0.bmp
1696,0,1439,E:/bupt_IR/images/1696/0.bmp
1697,0,1439,E:/bupt_IR/images/1697/0.bmp
1698,0,1439,E:/bupt_IR/images/1698/0.bmp
1699,0,1439,E:/bupt_IR/images/1699/0.bmp
1700,0,1439,E:/bupt_IR/images/1700/0.bmp
1701,0,1439,E:/bupt_IR/images/1701/0.bmp
1702,0,1439,E:/bupt_IR/images/1702/0.bmp
1703,0,1439,E:/bupt_IR/images/1703/0.bmp
1704,0,1439,E:/bupt_IR/images/1704/0.bmp
1705,0,1439,E:/bupt_IR/images/1705/0.bmp
1706,0,1439,E:/bupt_IR/images/1706/0.bmp
1707,0,1439,E:/bupt_IR/images/1707/0.bmp
1708,0,1439,E:/bupt_IR/images/1708/0.bmp
1709,0,1439,E:/bupt_IR/images/1709/0.bmp
1710,0,1439,E:/bupt_IR/images/1710/0.bmp
1711,0,1439,E:/bupt_IR/images/1711/0.bmp
1712,0,1439,E:/bupt_IR/images/1712/0.bmp
1713,0,1439,E:/bupt_IR/images/1713/0.bmp
1714,0,1439,E:/bupt_IR/images/1714/0.bmp
1715,0,1439,E:/bupt_IR/images/1715/0.bmp
1716,0,1439,E:/bupt_IR/images/1716/0.bmp
1717,0,1439,E:/bupt_IR/images/1717/0.bmp
1718,0,1439,E:/bupt_IR/images/1718/0.bmp
1719,0,1439,E:/bupt_IR/images/1719/0.bmp
1720,0,1439,E:/bupt_IR/images/1720/0.bmp
1721,0,1439,E:/bupt_IR/images/1721/0.bmp
1722,0,1439,E:/bupt_IR/images/1722/0.bmp
1723,0,1439,E:/bupt_IR/images/1723/0.bmp
1724,0,1439,E:/bupt_IR/images/1724/0.bmp
1725,0,1439,E:/bupt_IR/images/1725/0.bmp
1726,0,1439,E:/bupt_IR/images/1726/0.bmp
1727,0,1439,E:/bupt_IR/images/1727/0.bmp
1728,0,1439,E:/bupt_IR/images/1728/0.bmp
1729,0,1439,E:/bupt_IR/images/1729/0.bmp
1730,0,1439,E:/bupt_IR/images/1730/0.bmp
1731,0,1439,E:/bupt_IR/images/1731/0.bmp
1732,0,1439,E:/bupt_IR/images/1732/0.bmp
1733,0,1439,E:/bupt_IR/images/1733/0.bmp
1734,0,1439,E:/bupt_IR/images/1734/0.bmp
1735,0,1439,E:/bupt_IR/images/1735/0.bmp
1736,0,1439,E:/bupt_IR/images/1736/0.bmp
1737,0,1439,E:/bupt_IR/images/1737/0.bmp
1738,0,1439,E:/bupt_IR/images/1738/0.bmp
1739,0,1439,E:/bupt_IR/images/1739/0.bmp
1740,0,1439,E:/bupt_IR/images/1740/0.bmp
1741,0,1439,E:/bupt_IR/images/1741/0.bmp
1742,0,1439,E:/bupt_IR/images/1742/0.bmp
1743,0,1439,E:/bupt_IR/images/1743/0.bmp
1744,0,1439,E:/bupt_IR/images/1744/0.bmp
1745,0,1439,E:/bupt_IR/images/1745/0.bmp
1746,0,1439,E:/bupt_IR/images/1746/0.bmp
1747,0,1439,E:/bupt_IR/images/1747/0.bmp
1748,0,1439,E:/bupt_IR/images/1748/0.bmp
1749,0,1439,E:/bupt_IR/images/1749/0.bmp
1750,0,1439,E:/bupt_IR/images/1750/0.bmp
1751,0,1439,E:/bupt_IR/images/1751/0.bmp
1752,0,1439,E:/bupt_IR/images/1752/0.bmp
1753,0,1439,E:/bupt_IR/images/1753/0.bmp
1754,0,1439,E:/bupt_IR/images/1754/0.bmp
1755,0,1439,E:/bupt_IR/images/1755/0.bmp
1756,0,1439,E:/bupt_IR/images/1756/0.bmp
1757,0,1439,E:/bupt_IR/images/1757/0.bmp
1758,0,1439,E:/bupt_IR/images/1758/0.bmp
1759,0,1439,E:/bupt_IR/images/1759/0.bmp
1760,0,1439,E:/bupt_IR/images/1760/0.bmp
1761,0,1439,E:/bupt_IR/images/1761/0.bmp
1762,0,1439,E:/bupt_IR/images/1762/0.bmp
1763,0,1439,E:/bupt_IR/images/1763/0.bmp
1764,0,1439,E:/bupt_IR/images/1764/0.bmp
1765,0,1439,E:/bupt_IR/images/1765/0.bmp
1766,0,1439,E:/bupt_IR/images/1766/0.bmp
1767,0,1439,E:/bupt_IR/images/1767/0.bmp
1768,0,1439,E:/bupt_IR/images/1768/0.bmp
1769,0,1439,E:/bupt_IR/images/1769/0.bmp
1770,0,1439,E:/bupt_IR/images/1770/0.bmp
1771,0,1439,E:/bupt_IR/images/1771/0.bmp
1772,0,1439,E:/bupt_IR/images/1772/0.bmp
1773,0,1439,E:/bupt_IR/images/1773/0.bmp
1774,0,1439,E:/bupt_IR/images/1774/0.bmp
1775,0,1439,E:/bupt_IR/images/1775/0.bmp
1776,0,1439,E:/bupt_IR/images/1776/0.bmp
1777,0,1439,E:/bupt_IR/images/1777/0.bmp
1778,0,1439,E:/bupt_IR/images/1778/0.bmp
1779,0,1439,E:/bupt_IR/images/1779/0.bmp
1780,0,1439,E:/bupt_IR/images/1780/0.bmp
1781,0,1439,E:/bupt_IR/images/1781/0.bmp
1782,0,1439,E:/bupt_IR/images/1782/0.bmp
1783,0,1439,E:/bupt_IR/images/1783/0.bmp
1784,0,1439,E:/bupt_IR/images/1784/0.bmp
1785,0,1439,E:/bupt_IR/images/1785/0.bmp
1786,0,1439,E:/bupt_IR/images/1786/0.bmp
1787,0,1439,E:/bupt_IR/images/1787/0.bmp
1788,0,1439,E:/bupt_IR/images/1788/0.bmp
1789,0,1439,E:/bupt_IR/images/1789/0.bmp
1790,0,1439,E:/bupt_IR/images/1790/0.bmp
1791,0,1439,E:/bupt_IR/images/1791/0.bmp
1792,0,1439,E:/bupt_IR/images/1792/0.bmp
1793,0,1439,E:/bupt_IR/images/1793/0.bmp
1794,0,1439,E:/bupt_IR/images/1794/0.bmp
1795,0,1439,E:/bupt_IR/images/1795/0.bmp
1796,0,1439,E:/bupt_IR/images/1796/0.bmp
1797,0,1439,E:/bupt_IR/images/1797/0.bmp
1798,0,1439,E:/bupt_IR/images/1798/0.bmp
1799,0,1439,E:/bupt_IR/images/1799/0.bmp
1800,0,1439,E:/bupt_IR/images/1800/0.bmp
1801,0,1439,E:/bupt_IR/images/1801/0.bmp
1802,0,1439,E:/bupt_IR/images/1802/0.bmp
1803,0,1439,E:/bupt_IR/images/1803/0.bmp
1804,0,1439,E:/bupt_IR/images/1804/0.bmp
1805,0,1439,E:/bupt_IR/images/1805/0.bmp
1806,0,1439,E:/bupt_IR/images/1806/0.bmp
1807,0,1439,E:/bupt_IR/images/1807/0.bmp
1808,0,1439,E:/bupt_IR/images/1808/0.bmp
1809,0,1439,E:/bupt_IR/images/1809/0.bmp
1810,0,1439,E:/bupt_IR/images/1810/0.bmp
1811,0,1439,E:/bupt_IR/images/1811/0.bmp
1812,0,1439,E:/bupt_IR/images/1812/0.bmp
1813,0,1439,E:/bupt_IR/images/1813/0.bmp
1814,0,1439,E:/bupt_IR/images/1814/0.bmp
1815,0,1439,E:/bupt_IR/images/1815/0.bmp
1816,0,1439,E:/bupt_IR/images/1816/0.bmp
1817,0,1439,E:/bupt_IR/images/1817/0.bmp
1818,0,1439,E:/bupt_IR/images/1818/0.bmp
1819,0,1439,E:/bupt_IR/images/1819/0.bmp
1820,0,1439,E:/bupt_IR/images/1820/0.bmp
1821,0,1439,E:/bupt_IR/images/1821/0.bmp
1822,0,1439,E:/bupt_IR/images/1822/0.bmp
1823,0,1439,E:/bupt_IR/images/1823/0.bmp
1824,0,1439,E:/bupt_IR/images/1824/0.bmp
1825,0,1439,E:/bupt_IR/images/1825/0.bmp
1826,0,1439,E:/bupt_IR/images/1826/0.bmp
1827,0,1439,E:/bupt_IR/images/1827/0.bmp
1828,0,1439,E:/bupt_IR/images/1828/0.bmp
1829,0,1439,E:/bupt_IR/images/1829/0.bmp
1830,0,1439,E:/bupt_IR/images/1830/0.bmp
1831,0,1439,E:/bupt_IR/images/1831/0.bmp
1832,0,1439,E:/bupt_IR/images/1832/0.bmp
1833,0,1439,E:/bupt_IR/images/1833/0.bmp
1834,0,1439,E:/bupt_IR/images/1834/0.bmp
1835,0,1439,E:/bupt_IR/images/1835/0.bmp
1836,0,1439,E:/bupt_IR/images/1836/0.bmp
1837,0,1439,E:/bupt_IR/images/1837/0.bmp
1838,0,1439,E:/bupt_IR/images/1838/0.bmp
1839,0,1439,E:/bupt_IR/images/1839/0.bmp
1840,0,1439,E:/bupt_IR/images/1840/0.bmp
1841,0,1439,E:/bupt_IR/images/1841/0.bmp
1842,0,1439,E:/bupt_IR/images/1842/0.bmp
1843,0,1439,E:/bupt_IR/images/1843/0.bmp
1844,0,1439,E:/bupt_IR/images/1844/0.bmp
1845,0,1439,E:/bupt_IR/images/1845/0.bmp
1846,0,1439,E:/bupt_IR/images/1846/0.bmp
1847,0,1439,E:/bupt_IR/images/1847/0.bmp
1848,0,1439,E:/bupt_IR/images/1848/0.bmp
1849,0,1439,E:/bupt_IR/images/1849/0.bmp
1850,0,1439,E:/bupt_IR/images/1850/0.bmp
1851,0,1439,E:/bupt_IR/images/1851/0.bmp
1852,0,1439,E:/bupt_IR/images/1852/0.bmp
1853,0,1439,E:/bupt_IR/images/1853/0.bmp
1854,0,1439,E:/bupt_IR/images/1854/0.bmp
1855,0,1439,E:/bupt_IR/images/1855/0.bmp
1856,0,1439,E:/bupt_IR/images/1856/0.bmp
1857,0,1439,E:/bupt_IR/images/1857/0.bmp
1858,0,1439,E:/bupt_IR/images/1858/0.bmp
1859,0,1439,E:/bupt_IR/images/1859/0.bmp
1860,0,1439,E:/bupt_IR/images/1860/0.bmp
1861,0,1439,E:/bupt_IR/images/1861/0.bmp
1862,0,1439,E:/bupt_IR/images/1862/0.bmp
1863,0,1439,E:/bupt_IR/images/1863/0.bmp
1864,0,1439,E:/bupt_IR/images/1864/0.bmp
1865,0,1439,E:/bupt_IR/images/1865/0.bmp
1866,0,1439,E:/bupt_IR/images/1866/0.bmp
1867,0,1439,E:/bupt_IR/images/1867/0.bmp
1868,0,1439,E:/bupt_IR/images/1868/0.bmp
1869,0,1439,E:/bupt_IR/images/1869/0.bmp
1870,0,1439,E:/bupt_IR/images/1870/0.bmp
1871,0,1439,E:/bupt_IR/images/1871/0.bmp
1872,0,1439,E:/bupt_IR/images/1872/0.bmp
1873,0,1439,E:/bupt_IR/images/1873/0.bmp
1874,0,1439,E:/bupt_IR/images/1874/0.bmp
1875,0,1439,E:/bupt_IR/images/1875/0.bmp
1876,0,1439,E:/bupt_IR/images/1876/0.bmp
1877,0,1439,E:/bupt_IR/images/1877/0.bmp
1878,0,1439,E:/bupt_IR/images/1878/0.bmp
1879,0,1439,E:/bupt_IR/images/1879/0.bmp
1880,0,1439,E:/bupt_IR/images/1880/0.bmp
1881,0,1439,E:/bupt_IR/images/1881/0.bmp
1882,0,1439,E:/bupt_IR/images/1882/0.bmp
1883,0,1439,E:/bupt_IR/images/1883/0.bmp
1884,0,1439,E:/bupt_IR/images/1884/0.bmp
1885,0,1439,E:/bupt_IR/images/1885/0.bmp
1886,0,1439,E:/bupt_IR/images/1886/0.bmp
1887,0,1439,E:/bupt_IR/images/1887/0.bmp
1888,0,1439,E:/bupt_IR/images/1888/0.bmp
1889,0,1439,E:/bupt_IR/images/1889/0.bmp
1890,0,1439,E:/bupt_IR/images/1890/0.bmp
1891,0,1439,E:/bupt_IR/images/1891/0.bmp
1892,0,1439,E:/bupt_IR/images/1892/0.bmp
1893,0,1439,E:/bupt_IR/images/1893/0.bmp
1894,0,1439,E:/bupt_IR/images/1894/0.bmp
1895,0,1439,E:/bupt_IR/images/1895/0.bmp
1896,0,1439,E:/bupt_IR/images/1896/0.bmp
1897,0,1439,E:/bupt_IR/images/1897/0.bmp
1898,0,1439,E:/bupt_IR/images/1898/0.bmp
1899,0,1439,E:/bupt_IR/images/1899/0.bmp
1900,0,1439,E:/bupt_IR/images/1900/0.bmp
1901,0,1439,E:/bupt_IR/images/1901/0.bmp
1902,0,1439,E:/bupt_IR/images/1902/0.bmp
1903,0,1439,E:/bupt_IR/images/1903/0.bmp
1904,0,1439,E:/bupt_IR/images/1904/0.bmp
1905,0,1439,E:/bupt_IR/images/1905/0.bmp
1906,0,1439,E:/bupt_IR/images/1906/0.bmp
1907,0,1439,E:/bupt_IR/images/1907/0.bmp
1908,0,1439,E:/bupt_IR/images/1908/0.bmp
1909,0,1439,E:/bupt_IR/images/1909/0.bmp
1910,0,1439,E:/bupt_IR/images/1910/0.bmp
1911,0,1439,E:/bupt_IR/images/1911/0.bmp
1912,0,1439,E:/bupt_IR/images/1912/0.bmp
1913,0,1439,E:/bupt_IR/images/1913/0.bmp
1914,0,1439,E:/bupt_IR/images/1914/0.bmp
1915,0,1439,E:/bupt_IR/images/1915/0.bmp
1916,0,1439,E:/bupt_IR/images/1916/0.bmp
1917,0,1439,E:/bupt_IR/images/1917/0.bmp
1918,0,1439,E:/bupt_IR/images/1918/0.bmp
1919,0,1439,E:/bupt_IR/images/1919/0.bmp
1920,0,1439,E:/bupt_IR/images/1920/0.bmp
1921,0,1439,E:/bupt_IR/images/1921/0.bmp
1922,0,1439,E:/bupt_IR/images/1922/0.bmp
1923,0,1439,E:/bupt_IR/images/1923/0.bmp
1924,0,1439,E:/bupt_IR/images/1924/0.bmp
1925,0,1439,E:/bupt_IR/images/1925/0.bmp
1926,0,1439,E:/bupt_IR/images/1926/0.bmp
1927,0,1439,E:/bupt_IR/images/1927/0.bmp
1928,0,1439,E:/bupt_IR/images/1928/0.bmp
1929,0,1439,E:/bupt_IR/images/1929/0.bmp
1930,0,1439,E:/bupt_IR/images/1930/0.bmp
1931,0,1439,E:/bupt_IR/images/1931/0.bmp
1932,0,1439,E:/bupt_IR/images/1932/0.bmp
1933,0,1439,E:/bupt_IR/images/1933/0.bmp
1934,0,1439,E:/bupt_IR/images/1934/0.bmp
1935,0,1439,E:/bupt_IR/images/1935/0.bmp
1936,0,1439,E:/bupt_IR/images/1936/0.bmp
1937,0,1439,E:/bupt_IR/images/1937/0.bmp
1938,0,1439,E:/bupt_IR/images/1938/0.bmp
1939,0,1439,E:/bupt_IR/images/1939/0.bmp
1940,0,1439,E:/bupt_IR/images/1940/0.bmp
1941,0,1439,E:/bupt_IR/images/1941/0.bmp
1942,0,1439,E:/bupt_IR/images/1942/0.bmp
1943,0,1439,E:/bupt_IR/images/1943/0.bmp
1944,0,1439,E:/bupt_IR/images/1944/0.bmp
