ConfigID,name,terrainFilepath ,mtlsysFilepath
163,mcm,terrain/Oahu/Oahu226/lamppost.flt,terrain/Oahu/Oahu226/OahuEmat.ms
164,mcm,terrain/Oahu/Oahu226/lamppost.flt,terrain/Oahu/Oahu226/OahuEmat.ms
165,mcm,terrain/Oahu/Oahu226/lamppost.flt,terrain/Oahu/Oahu226/OahuEmat.ms
166,mcm,terrain/Oahu/Oahu226/lamppost.flt,terrain/Oahu/Oahu226/OahuEmat.ms
167,mcm,terrain/Oahu/Oahu226/lamppost.flt,terrain/Oahu/Oahu226/OahuEmat.ms
168,mcm,terrain/Oahu/Oahu226/lamppost.flt,terrain/Oahu/Oahu226/OahuEmat.ms
169,mcm,terrain/Oahu/Oahu226/lamppost.flt,terrain/Oahu/Oahu226/OahuEmat.ms
170,mcm,terrain/Oahu/Oahu226/lamppost.flt,terrain/Oahu/Oahu226/OahuEmat.ms
171,mcm,terrain/Oahu/Oahu226/lamppost.flt,terrain/Oahu/Oahu226/OahuEmat.ms
172,mcm,terrain/Oahu/Oahu226/lamppost.flt,terrain/Oahu/Oahu226/OahuEmat.ms
173,mcm,terrain/Oahu/Oahu226/lamppost.flt,terrain/Oahu/Oahu226/OahuEmat.ms
174,mcm,terrain/Oahu/Oahu226/lamppost.flt,terrain/Oahu/Oahu226/OahuEmat.ms
175,mcm,terrain/Oahu/Oahu226/lamppost.flt,terrain/Oahu/Oahu226/OahuEmat.ms
176,mcm,terrain/Oahu/Oahu226/lamppost.flt,terrain/Oahu/Oahu226/OahuEmat.ms
177,mcm,terrain/Oahu/Oahu226/lamppost.flt,terrain/Oahu/Oahu226/OahuEmat.ms
178,mcm,terrain/Oahu/Oahu226/lamppost.flt,terrain/Oahu/Oahu226/OahuEmat.ms
179,mcm,terrain/Oahu/Oahu226/lamppost.flt,terrain/Oahu/Oahu226/OahuEmat.ms
180,mcm,terrain/Oahu/Oahu226/lamppost.flt,terrain/Oahu/Oahu226/OahuEmat.ms
181,mcm,terrain/Oahu/Oahu226/lamppost.flt,terrain/Oahu/Oahu226/OahuEmat.ms
182,mcm,terrain/Oahu/Oahu226/lamppost.flt,terrain/Oahu/Oahu226/OahuEmat.ms
183,mcm,terrain/Oahu/Oahu226/lamppost.flt,terrain/Oahu/Oahu226/OahuEmat.ms
184,mcm,terrain/Oahu/Oahu226/lamppost.flt,terrain/Oahu/Oahu226/OahuEmat.ms
185,mcm,terrain/Oahu/Oahu226/lamppost.flt,terrain/Oahu/Oahu226/OahuEmat.ms
186,mcm,terrain/Oahu/Oahu226/lamppost.flt,terrain/Oahu/Oahu226/OahuEmat.ms
187,mcm,terrain/Oahu/Oahu226/lamppost.flt,terrain/Oahu/Oahu226/OahuEmat.ms
188,mcm,terrain/Oahu/Oahu226/lamppost.flt,terrain/Oahu/Oahu226/OahuEmat.ms
189,mcm,terrain/Oahu/Oahu226/lamppost.flt,terrain/Oahu/Oahu226/OahuEmat.ms
190,mcm,terrain/Oahu/Oahu226/lamppost.flt,terrain/Oahu/Oahu226/OahuEmat.ms
191,mcm,terrain/Oahu/Oahu226/lamppost.flt,terrain/Oahu/Oahu226/OahuEmat.ms
192,mcm,terrain/Oahu/Oahu226/lamppost.flt,terrain/Oahu/Oahu226/OahuEmat.ms
193,mcm,terrain/Oahu/Oahu226/lamppost.flt,terrain/Oahu/Oahu226/OahuEmat.ms
194,mcm,terrain/Oahu/Oahu226/lamppost.flt,terrain/Oahu/Oahu226/OahuEmat.ms
195,mcm,terrain/Oahu/Oahu226/lamppost.flt,terrain/Oahu/Oahu226/OahuEmat.ms
196,mcm,terrain/Oahu/Oahu226/lamppost.flt,terrain/Oahu/Oahu226/OahuEmat.ms
197,mcm,terrain/Oahu/Oahu226/lamppost.flt,terrain/Oahu/Oahu226/OahuEmat.ms
198,mcm,terrain/Oahu/Oahu226/lamppost.flt,terrain/Oahu/Oahu226/OahuEmat.ms
199,mcm,terrain/Oahu/Oahu226/lamppost.flt,terrain/Oahu/Oahu226/OahuEmat.ms
200,mcm,terrain/Oahu/Oahu226/lamppost.flt,terrain/Oahu/Oahu226/OahuEmat.ms
201,mcm,terrain/Oahu/Oahu226/lamppost.flt,terrain/Oahu/Oahu226/OahuEmat.ms
202,mcm,terrain/Oahu/Oahu226/lamppost.flt,terrain/Oahu/Oahu226/OahuEmat.ms
203,mcm,terrain/Oahu/Oahu226/lamppost.flt,terrain/Oahu/Oahu226/OahuEmat.ms
204,mcm,terrain/Oahu/Oahu226/lamppost.flt,terrain/Oahu/Oahu226/OahuEmat.ms
205,mcm,terrain/Oahu/Oahu226/lamppost.flt,terrain/Oahu/Oahu226/OahuEmat.ms
206,mcm,terrain/Oahu/Oahu226/lamppost.flt,terrain/Oahu/Oahu226/OahuEmat.ms
207,mcm,terrain/Oahu/Oahu226/lamppost.flt,terrain/Oahu/Oahu226/OahuEmat.ms
208,mcm,terrain/Oahu/Oahu226/lamppost.flt,terrain/Oahu/Oahu226/OahuEmat.ms
209,mcm,terrain/Oahu/Oahu226/lamppost.flt,terrain/Oahu/Oahu226/OahuEmat.ms
210,mcm,terrain/Oahu/Oahu226/lamppost.flt,terrain/Oahu/Oahu226/OahuEmat.ms
211,mcm,terrain/Oahu/Oahu226/lamppost.flt,terrain/Oahu/Oahu226/OahuEmat.ms
212,mcm,terrain/Oahu/Oahu226/lamppost.flt,terrain/Oahu/Oahu226/OahuEmat.ms
213,mcm,terrain/Oahu/Oahu226/lamppost.flt,terrain/Oahu/Oahu226/OahuEmat.ms
214,mcm,terrain/Oahu/Oahu226/lamppost.flt,terrain/Oahu/Oahu226/OahuEmat.ms
215,mcm,terrain/Oahu/Oahu226/lamppost.flt,terrain/Oahu/Oahu226/OahuEmat.ms
216,mcm,terrain/Oahu/Oahu226/lamppost.flt,terrain/Oahu/Oahu226/OahuEmat.ms
217,mcm,terrain/Oahu/Oahu226/lamppost.flt,terrain/Oahu/Oahu226/OahuEmat.ms
218,mcm,terrain/Oahu/Oahu226/lamppost.flt,terrain/Oahu/Oahu226/OahuEmat.ms
219,mcm,terrain/Oahu/Oahu226/lamppost.flt,terrain/Oahu/Oahu226/OahuEmat.ms
220,mcm,terrain/Oahu/Oahu226/lamppost.flt,terrain/Oahu/Oahu226/OahuEmat.ms
221,mcm,terrain/Oahu/Oahu226/lamppost.flt,terrain/Oahu/Oahu226/OahuEmat.ms
222,mcm,terrain/Oahu/Oahu226/lamppost.flt,terrain/Oahu/Oahu226/OahuEmat.ms
223,mcm,terrain/Oahu/Oahu226/lamppost.flt,terrain/Oahu/Oahu226/OahuEmat.ms
224,mcm,terrain/Oahu/Oahu226/lamppost.flt,terrain/Oahu/Oahu226/OahuEmat.ms
225,mcm,terrain/Oahu/Oahu226/lamppost.flt,terrain/Oahu/Oahu226/OahuEmat.ms
226,mcm,terrain/Oahu/Oahu226/lamppost.flt,terrain/Oahu/Oahu226/OahuEmat.ms
227,mcm,terrain/Oahu/Oahu226/lamppost.flt,terrain/Oahu/Oahu226/OahuEmat.ms
228,mcm,terrain/Oahu/Oahu226/lamppost.flt,terrain/Oahu/Oahu226/OahuEmat.ms
229,mcm,terrain/Oahu/Oahu226/lamppost.flt,terrain/Oahu/Oahu226/OahuEmat.ms
230,mcm,terrain/Oahu/Oahu226/lamppost.flt,terrain/Oahu/Oahu226/OahuEmat.ms
231,mcm,terrain/Oahu/Oahu226/lamppost.flt,terrain/Oahu/Oahu226/OahuEmat.ms
232,mcm,terrain/Oahu/Oahu226/lamppost.flt,terrain/Oahu/Oahu226/OahuEmat.ms
233,mcm,terrain/Oahu/Oahu226/lamppost.flt,terrain/Oahu/Oahu226/OahuEmat.ms
234,mcm,terrain/Oahu/Oahu226/lamppost.flt,terrain/Oahu/Oahu226/OahuEmat.ms
235,mcm,terrain/Oahu/Oahu226/lamppost.flt,terrain/Oahu/Oahu226/OahuEmat.ms
236,mcm,terrain/Oahu/Oahu226/lamppost.flt,terrain/Oahu/Oahu226/OahuEmat.ms
237,mcm,terrain/Oahu/Oahu226/lamppost.flt,terrain/Oahu/Oahu226/OahuEmat.ms
238,mcm,terrain/Oahu/Oahu226/lamppost.flt,terrain/Oahu/Oahu226/OahuEmat.ms
239,mcm,terrain/Oahu/Oahu226/lamppost.flt,terrain/Oahu/Oahu226/OahuEmat.ms
240,mcm,terrain/Oahu/Oahu226/lamppost.flt,terrain/Oahu/Oahu226/OahuEmat.ms
241,mcm,terrain/Oahu/Oahu226/lamppost.flt,terrain/Oahu/Oahu226/OahuEmat.ms
242,mcm,terrain/Oahu/Oahu226/lamppost.flt,terrain/Oahu/Oahu226/OahuEmat.ms
243,mcm,terrain/Oahu/Oahu226/lamppost.flt,terrain/Oahu/Oahu226/OahuEmat.ms
244,mcm,terrain/Oahu/Oahu226/lamppost.flt,terrain/Oahu/Oahu226/OahuEmat.ms
245,mcm,terrain/Oahu/Oahu226/lamppost.flt,terrain/Oahu/Oahu226/OahuEmat.ms
246,mcm,terrain/Oahu/Oahu226/lamppost.flt,terrain/Oahu/Oahu226/OahuEmat.ms
247,mcm,terrain/Oahu/Oahu226/lamppost.flt,terrain/Oahu/Oahu226/OahuEmat.ms
248,mcm,terrain/Oahu/Oahu226/lamppost.flt,terrain/Oahu/Oahu226/OahuEmat.ms
249,mcm,terrain/Oahu/Oahu226/lamppost.flt,terrain/Oahu/Oahu226/OahuEmat.ms
250,mcm,terrain/Oahu/Oahu226/lamppost.flt,terrain/Oahu/Oahu226/OahuEmat.ms
251,mcm,terrain/Oahu/Oahu226/lamppost.flt,terrain/Oahu/Oahu226/OahuEmat.ms
252,mcm,terrain/Oahu/Oahu226/lamppost.flt,terrain/Oahu/Oahu226/OahuEmat.ms
253,mcm,terrain/Oahu/Oahu226/lamppost.flt,terrain/Oahu/Oahu226/OahuEmat.ms
254,mcm,terrain/Oahu/Oahu226/lamppost.flt,terrain/Oahu/Oahu226/OahuEmat.ms
255,mcm,terrain/Oahu/Oahu226/lamppost.flt,terrain/Oahu/Oahu226/OahuEmat.ms
256,mcm,terrain/Oahu/Oahu226/lamppost.flt,terrain/Oahu/Oahu226/OahuEmat.ms
257,mcm,terrain/Oahu/Oahu226/lamppost.flt,terrain/Oahu/Oahu226/OahuEmat.ms
258,mcm,terrain/Oahu/Oahu226/lamppost.flt,terrain/Oahu/Oahu226/OahuEmat.ms
259,mcm,terrain/Oahu/Oahu226/lamppost.flt,terrain/Oahu/Oahu226/OahuEmat.ms
260,mcm,terrain/Oahu/Oahu226/lamppost.flt,terrain/Oahu/Oahu226/OahuEmat.ms
261,mcm,terrain/Oahu/Oahu226/lamppost.flt,terrain/Oahu/Oahu226/OahuEmat.ms
262,mcm,terrain/Oahu/Oahu226/lamppost.flt,terrain/Oahu/Oahu226/OahuEmat.ms
263,mcm,terrain/Oahu/Oahu226/lamppost.flt,terrain/Oahu/Oahu226/OahuEmat.ms
264,mcm,terrain/Oahu/Oahu226/lamppost.flt,terrain/Oahu/Oahu226/OahuEmat.ms
265,mcm,terrain/Oahu/Oahu226/lamppost.flt,terrain/Oahu/Oahu226/OahuEmat.ms
266,mcm,terrain/Oahu/Oahu226/lamppost.flt,terrain/Oahu/Oahu226/OahuEmat.ms
267,mcm,terrain/Oahu/Oahu226/lamppost.flt,terrain/Oahu/Oahu226/OahuEmat.ms
268,mcm,terrain/Oahu/Oahu226/lamppost.flt,terrain/Oahu/Oahu226/OahuEmat.ms
269,mcm,terrain/Oahu/Oahu226/lamppost.flt,terrain/Oahu/Oahu226/OahuEmat.ms
270,mcm,terrain/Oahu/Oahu226/lamppost.flt,terrain/Oahu/Oahu226/OahuEmat.ms
271,mcm,terrain/Oahu/Oahu226/lamppost.flt,terrain/Oahu/Oahu226/OahuEmat.ms
272,mcm,terrain/Oahu/Oahu226/lamppost.flt,terrain/Oahu/Oahu226/OahuEmat.ms
273,mcm,terrain/Oahu/Oahu226/lamppost.flt,terrain/Oahu/Oahu226/OahuEmat.ms
274,mcm,terrain/Oahu/Oahu226/lamppost.flt,terrain/Oahu/Oahu226/OahuEmat.ms
275,mcm,terrain/Oahu/Oahu226/lamppost.flt,terrain/Oahu/Oahu226/OahuEmat.ms
276,mcm,terrain/Oahu/Oahu226/lamppost.flt,terrain/Oahu/Oahu226/OahuEmat.ms
277,mcm,terrain/Oahu/Oahu226/lamppost.flt,terrain/Oahu/Oahu226/OahuEmat.ms
278,mcm,terrain/Oahu/Oahu226/lamppost.flt,terrain/Oahu/Oahu226/OahuEmat.ms
279,mcm,terrain/Oahu/Oahu226/lamppost.flt,terrain/Oahu/Oahu226/OahuEmat.ms
280,mcm,terrain/Oahu/Oahu226/lamppost.flt,terrain/Oahu/Oahu226/OahuEmat.ms
281,mcm,terrain/Oahu/Oahu226/lamppost.flt,terrain/Oahu/Oahu226/OahuEmat.ms
282,mcm,terrain/Oahu/Oahu226/lamppost.flt,terrain/Oahu/Oahu226/OahuEmat.ms
283,mcm,terrain/Oahu/Oahu226/lamppost.flt,terrain/Oahu/Oahu226/OahuEmat.ms
284,mcm,terrain/Oahu/Oahu226/lamppost.flt,terrain/Oahu/Oahu226/OahuEmat.ms
285,mcm,terrain/Oahu/Oahu226/lamppost.flt,terrain/Oahu/Oahu226/OahuEmat.ms
286,mcm,terrain/Oahu/Oahu226/lamppost.flt,terrain/Oahu/Oahu226/OahuEmat.ms
287,mcm,terrain/Oahu/Oahu226/lamppost.flt,terrain/Oahu/Oahu226/OahuEmat.ms
288,mcm,terrain/Oahu/Oahu226/lamppost.flt,terrain/Oahu/Oahu226/OahuEmat.ms
289,mcm,terrain/Oahu/Oahu226/lamppost.flt,terrain/Oahu/Oahu226/OahuEmat.ms
290,mcm,terrain/Oahu/Oahu226/lamppost.flt,terrain/Oahu/Oahu226/OahuEmat.ms
291,mcm,terrain/Oahu/Oahu226/lamppost.flt,terrain/Oahu/Oahu226/OahuEmat.ms
292,mcm,terrain/Oahu/Oahu226/lamppost.flt,terrain/Oahu/Oahu226/OahuEmat.ms
293,mcm,terrain/Oahu/Oahu226/lamppost.flt,terrain/Oahu/Oahu226/OahuEmat.ms
294,mcm,terrain/Oahu/Oahu226/lamppost.flt,terrain/Oahu/Oahu226/OahuEmat.ms
295,mcm,terrain/Oahu/Oahu226/lamppost.flt,terrain/Oahu/Oahu226/OahuEmat.ms
296,mcm,terrain/Oahu/Oahu226/lamppost.flt,terrain/Oahu/Oahu226/OahuEmat.ms
297,mcm,terrain/Oahu/Oahu226/lamppost.flt,terrain/Oahu/Oahu226/OahuEmat.ms
298,mcm,terrain/Oahu/Oahu226/lamppost.flt,terrain/Oahu/Oahu226/OahuEmat.ms
299,mcm,terrain/Oahu/Oahu226/lamppost.flt,terrain/Oahu/Oahu226/OahuEmat.ms
300,mcm,terrain/Oahu/Oahu226/lamppost.flt,terrain/Oahu/Oahu226/OahuEmat.ms
301,mcm,terrain/Oahu/Oahu226/lamppost.flt,terrain/Oahu/Oahu226/OahuEmat.ms
302,mcm,terrain/Oahu/Oahu226/lamppost.flt,terrain/Oahu/Oahu226/OahuEmat.ms
303,mcm,terrain/Oahu/Oahu226/lamppost.flt,terrain/Oahu/Oahu226/OahuEmat.ms
304,mcm,terrain/Oahu/Oahu226/lamppost.flt,terrain/Oahu/Oahu226/OahuEmat.ms
305,mcm,terrain/Oahu/Oahu226/lamppost.flt,terrain/Oahu/Oahu226/OahuEmat.ms
306,mcm,terrain/Oahu/Oahu226/lamppost.flt,terrain/Oahu/Oahu226/OahuEmat.ms
307,mcm,terrain/Oahu/Oahu226/lamppost.flt,terrain/Oahu/Oahu226/OahuEmat.ms
308,mcm,terrain/Oahu/Oahu226/lamppost.flt,terrain/Oahu/Oahu226/OahuEmat.ms
309,mcm,terrain/Oahu/Oahu226/lamppost.flt,terrain/Oahu/Oahu226/OahuEmat.ms
310,mcm,terrain/Oahu/Oahu226/lamppost.flt,terrain/Oahu/Oahu226/OahuEmat.ms
311,mcm,terrain/Oahu/Oahu226/lamppost.flt,terrain/Oahu/Oahu226/OahuEmat.ms
312,mcm,terrain/Oahu/Oahu226/lamppost.flt,terrain/Oahu/Oahu226/OahuEmat.ms
313,mcm,terrain/Oahu/Oahu226/lamppost.flt,terrain/Oahu/Oahu226/OahuEmat.ms
314,mcm,terrain/Oahu/Oahu226/lamppost.flt,terrain/Oahu/Oahu226/OahuEmat.ms
315,mcm,terrain/Oahu/Oahu226/lamppost.flt,terrain/Oahu/Oahu226/OahuEmat.ms
316,mcm,terrain/Oahu/Oahu226/lamppost.flt,terrain/Oahu/Oahu226/OahuEmat.ms
317,mcm,terrain/Oahu/Oahu226/lamppost.flt,terrain/Oahu/Oahu226/OahuEmat.ms
318,mcm,terrain/Oahu/Oahu226/lamppost.flt,terrain/Oahu/Oahu226/OahuEmat.ms
319,mcm,terrain/Oahu/Oahu226/lamppost.flt,terrain/Oahu/Oahu226/OahuEmat.ms
320,mcm,terrain/Oahu/Oahu226/lamppost.flt,terrain/Oahu/Oahu226/OahuEmat.ms
321,mcm,terrain/Oahu/Oahu226/lamppost.flt,terrain/Oahu/Oahu226/OahuEmat.ms
322,mcm,terrain/Oahu/Oahu226/lamppost.flt,terrain/Oahu/Oahu226/OahuEmat.ms
323,mcm,terrain/Oahu/Oahu226/lamppost.flt,terrain/Oahu/Oahu226/OahuEmat.ms
324,mcm,terrain/Oahu/Oahu226/lamppost.flt,terrain/Oahu/Oahu226/OahuEmat.ms
